Feature,Type,Missing_Pct,Cardinality,Category,Decision,Reason
TransactionID,int64,0.0,590540,identifier,DROP,"Row identifier, not a feature"
isFraud,int8,0.0,2,target,DROP,Target label
TransactionDT,int64,0.0,96144,temporal,DROP_AS_RAW,Used for chronological ordering only
TransactionAmt,float64,0.0,6387,continuous,INCLUDE,"Transaction amount, safe at transaction time"
ProductCD,str,0.0,5,categorical,INCLUDE,"Product category, known at checkout"
card1,int64,0.0,7677,categorical,INCLUDE,"Card number proxy, freq-encoded"
card2,float64,1.4,499,categorical,INCLUDE,"Card attribute, freq-encoded"
card3,float64,0.0,74,categorical,INCLUDE,Card attribute
card4,str,0.0,4,categorical,INCLUDE,Card type (Visa/MC/etc.)
card5,float64,0.5,87,categorical,INCLUDE,Card attribute
card6,str,0.0,4,categorical,INCLUDE,Card type (debit/credit)
addr1,float64,9.0,264,categorical,INCLUDE,"Billing zip, freq-encoded"
addr2,float64,9.0,43,categorical,INCLUDE,Country code
dist1,float64,69.7,1641,continuous,INCLUDE,"Vesta distance feature, safe"
dist2,float64,91.8,916,continuous,INCLUDE,"Vesta distance feature, safe"
P_emaildomain,str,15.4,59,categorical,INCLUDE,Purchaser email domain
R_emaildomain,str,65.5,60,categorical,INCLUDE,Recipient email domain
C1,float64,0.0,varies,count_feature,INCLUDE,"Vesta historical count, backward-looking, safe"
C2,float64,0.0,varies,count_feature,INCLUDE,"Vesta historical count, backward-looking, safe"
C3,float64,0.0,varies,count_feature,INCLUDE,"Vesta historical count, backward-looking, safe"
C4,float64,0.0,varies,count_feature,INCLUDE,"Vesta historical count, backward-looking, safe"
C5,float64,0.0,varies,count_feature,INCLUDE,"Vesta historical count, backward-looking, safe"
C6,float64,0.0,varies,count_feature,INCLUDE,"Vesta historical count, backward-looking, safe"
C7,float64,0.0,varies,count_feature,INCLUDE,"Vesta historical count, backward-looking, safe"
C8,float64,0.0,varies,count_feature,INCLUDE,"Vesta historical count, backward-looking, safe"
C9,float64,0.0,varies,count_feature,INCLUDE,"Vesta historical count, backward-looking, safe"
C10,float64,0.0,varies,count_feature,INCLUDE,"Vesta historical count, backward-looking, safe"
C11,float64,0.0,varies,count_feature,INCLUDE,"Vesta historical count, backward-looking, safe"
C12,float64,0.0,varies,count_feature,INCLUDE,"Vesta historical count, backward-looking, safe"
C13,float64,0.0,varies,count_feature,INCLUDE,"Vesta historical count, backward-looking, safe"
C14,float64,0.0,varies,count_feature,INCLUDE,"Vesta historical count, backward-looking, safe"
D1,float64,0,continuous,time_delta,INCLUDE,Time since last transaction (backward-looking). Missing=0% filled with 0.
D2,float64,45.8,continuous,time_delta,INCLUDE,Time since last transaction (backward-looking). Missing=45.8% filled with 0.
D3,float64,42.7,continuous,time_delta,INCLUDE,Time since last transaction (backward-looking). Missing=42.7% filled with 0.
D4,float64,62.3,continuous,time_delta,INCLUDE,Time since last transaction (backward-looking). Missing=62.3% filled with 0.
D5,float64,65.3,continuous,time_delta,INCLUDE,Time since last transaction (backward-looking). Missing=65.3% filled with 0.
D6,float64,87.3,continuous,time_delta,INCLUDE,Time since last transaction (backward-looking). Missing=87.3% filled with 0.
D7,float64,93.9,continuous,time_delta,INCLUDE,Time since last transaction (backward-looking). Missing=93.9% filled with 0.
D8,float64,78.3,continuous,time_delta,INCLUDE,Time since last transaction (backward-looking). Missing=78.3% filled with 0.
D9,float64,78.3,continuous,time_delta,INCLUDE,Time since last transaction (backward-looking). Missing=78.3% filled with 0.
D10,float64,30.9,continuous,time_delta,INCLUDE,Time since last transaction (backward-looking). Missing=30.9% filled with 0.
D11,float64,71.2,continuous,time_delta,INCLUDE,Time since last transaction (backward-looking). Missing=71.2% filled with 0.
D12,float64,89.5,continuous,time_delta,INCLUDE,Time since last transaction (backward-looking). Missing=89.5% filled with 0.
D13,float64,90.5,continuous,time_delta,INCLUDE,Time since last transaction (backward-looking). Missing=90.5% filled with 0.
D14,float64,88.8,continuous,time_delta,INCLUDE,Time since last transaction (backward-looking). Missing=88.8% filled with 0.
D15,float64,34.0,continuous,time_delta,INCLUDE,Time since last transaction (backward-looking). Missing=34.0% filled with 0.
M1,binary_str,57.9,2 (T/F),match_flag,INCLUDE_BINARY,"Address/email match flag, computed at checkout. Encoded T=1, F=0, NA=-1."
M2,binary_str,57.9,2 (T/F),match_flag,INCLUDE_BINARY,"Address/email match flag, computed at checkout. Encoded T=1, F=0, NA=-1."
M3,binary_str,57.9,2 (T/F),match_flag,INCLUDE_BINARY,"Address/email match flag, computed at checkout. Encoded T=1, F=0, NA=-1."
M4,binary_str,48.9,2 (T/F),match_flag,INCLUDE_BINARY,"Address/email match flag, computed at checkout. Encoded T=1, F=0, NA=-1."
M5,binary_str,57.9,2 (T/F),match_flag,INCLUDE_BINARY,"Address/email match flag, computed at checkout. Encoded T=1, F=0, NA=-1."
M6,binary_str,25.7,2 (T/F),match_flag,INCLUDE_BINARY,"Address/email match flag, computed at checkout. Encoded T=1, F=0, NA=-1."
M7,binary_str,78.7,2 (T/F),match_flag,INCLUDE_BINARY,"Address/email match flag, computed at checkout. Encoded T=1, F=0, NA=-1."
M8,binary_str,78.7,2 (T/F),match_flag,INCLUDE_BINARY,"Address/email match flag, computed at checkout. Encoded T=1, F=0, NA=-1."
M9,binary_str,78.7,2 (T/F),match_flag,INCLUDE_BINARY,"Address/email match flag, computed at checkout. Encoded T=1, F=0, NA=-1."
V1,float64,varies,continuous,vesta_feature,INCLUDE,"Vesta engineered feature, all backward-looking. No causality risk."
V2,float64,varies,continuous,vesta_feature,INCLUDE,"Vesta engineered feature, all backward-looking. No causality risk."
V3,float64,varies,continuous,vesta_feature,INCLUDE,"Vesta engineered feature, all backward-looking. No causality risk."
V4,float64,varies,continuous,vesta_feature,INCLUDE,"Vesta engineered feature, all backward-looking. No causality risk."
V5,float64,varies,continuous,vesta_feature,INCLUDE,"Vesta engineered feature, all backward-looking. No causality risk."
V6,float64,varies,continuous,vesta_feature,INCLUDE,"Vesta engineered feature, all backward-looking. No causality risk."
V7,float64,varies,continuous,vesta_feature,INCLUDE,"Vesta engineered feature, all backward-looking. No causality risk."
V8,float64,varies,continuous,vesta_feature,INCLUDE,"Vesta engineered feature, all backward-looking. No causality risk."
V9,float64,varies,continuous,vesta_feature,INCLUDE,"Vesta engineered feature, all backward-looking. No causality risk."
V10,float64,varies,continuous,vesta_feature,INCLUDE,"Vesta engineered feature, all backward-looking. No causality risk."
V11,float64,varies,continuous,vesta_feature,INCLUDE,"Vesta engineered feature, all backward-looking. No causality risk."
V12,float64,varies,continuous,vesta_feature,INCLUDE,"Vesta engineered feature, all backward-looking. No causality risk."
V13,float64,varies,continuous,vesta_feature,INCLUDE,"Vesta engineered feature, all backward-looking. No causality risk."
V14,float64,varies,continuous,vesta_feature,INCLUDE,"Vesta engineered feature, all backward-looking. No causality risk."
V15,float64,varies,continuous,vesta_feature,INCLUDE,"Vesta engineered feature, all backward-looking. No causality risk."
V16,float64,varies,continuous,vesta_feature,INCLUDE,"Vesta engineered feature, all backward-looking. No causality risk."
V17,float64,varies,continuous,vesta_feature,INCLUDE,"Vesta engineered feature, all backward-looking. No causality risk."
V18,float64,varies,continuous,vesta_feature,INCLUDE,"Vesta engineered feature, all backward-looking. No causality risk."
V19,float64,varies,continuous,vesta_feature,INCLUDE,"Vesta engineered feature, all backward-looking. No causality risk."
V20,float64,varies,continuous,vesta_feature,INCLUDE,"Vesta engineered feature, all backward-looking. No causality risk."
V21,float64,varies,continuous,vesta_feature,INCLUDE,"Vesta engineered feature, all backward-looking. No causality risk."
V22,float64,varies,continuous,vesta_feature,INCLUDE,"Vesta engineered feature, all backward-looking. No causality risk."
V23,float64,varies,continuous,vesta_feature,INCLUDE,"Vesta engineered feature, all backward-looking. No causality risk."
V24,float64,varies,continuous,vesta_feature,INCLUDE,"Vesta engineered feature, all backward-looking. No causality risk."
V25,float64,varies,continuous,vesta_feature,INCLUDE,"Vesta engineered feature, all backward-looking. No causality risk."
V26,float64,varies,continuous,vesta_feature,INCLUDE,"Vesta engineered feature, all backward-looking. No causality risk."
V27,float64,varies,continuous,vesta_feature,INCLUDE,"Vesta engineered feature, all backward-looking. No causality risk."
V28,float64,varies,continuous,vesta_feature,INCLUDE,"Vesta engineered feature, all backward-looking. No causality risk."
V29,float64,varies,continuous,vesta_feature,INCLUDE,"Vesta engineered feature, all backward-looking. No causality risk."
V30,float64,varies,continuous,vesta_feature,INCLUDE,"Vesta engineered feature, all backward-looking. No causality risk."
V31,float64,varies,continuous,vesta_feature,INCLUDE,"Vesta engineered feature, all backward-looking. No causality risk."
V32,float64,varies,continuous,vesta_feature,INCLUDE,"Vesta engineered feature, all backward-looking. No causality risk."
V33,float64,varies,continuous,vesta_feature,INCLUDE,"Vesta engineered feature, all backward-looking. No causality risk."
V34,float64,varies,continuous,vesta_feature,INCLUDE,"Vesta engineered feature, all backward-looking. No causality risk."
V35,float64,varies,continuous,vesta_feature,INCLUDE,"Vesta engineered feature, all backward-looking. No causality risk."
V36,float64,varies,continuous,vesta_feature,INCLUDE,"Vesta engineered feature, all backward-looking. No causality risk."
V37,float64,varies,continuous,vesta_feature,INCLUDE,"Vesta engineered feature, all backward-looking. No causality risk."
V38,float64,varies,continuous,vesta_feature,INCLUDE,"Vesta engineered feature, all backward-looking. No causality risk."
V39,float64,varies,continuous,vesta_feature,INCLUDE,"Vesta engineered feature, all backward-looking. No causality risk."
V40,float64,varies,continuous,vesta_feature,INCLUDE,"Vesta engineered feature, all backward-looking. No causality risk."
V41,float64,varies,continuous,vesta_feature,INCLUDE,"Vesta engineered feature, all backward-looking. No causality risk."
V42,float64,varies,continuous,vesta_feature,INCLUDE,"Vesta engineered feature, all backward-looking. No causality risk."
V43,float64,varies,continuous,vesta_feature,INCLUDE,"Vesta engineered feature, all backward-looking. No causality risk."
V44,float64,varies,continuous,vesta_feature,INCLUDE,"Vesta engineered feature, all backward-looking. No causality risk."
V45,float64,varies,continuous,vesta_feature,INCLUDE,"Vesta engineered feature, all backward-looking. No causality risk."
V46,float64,varies,continuous,vesta_feature,INCLUDE,"Vesta engineered feature, all backward-looking. No causality risk."
V47,float64,varies,continuous,vesta_feature,INCLUDE,"Vesta engineered feature, all backward-looking. No causality risk."
V48,float64,varies,continuous,vesta_feature,INCLUDE,"Vesta engineered feature, all backward-looking. No causality risk."
V49,float64,varies,continuous,vesta_feature,INCLUDE,"Vesta engineered feature, all backward-looking. No causality risk."
V50,float64,varies,continuous,vesta_feature,INCLUDE,"Vesta engineered feature, all backward-looking. No causality risk."
V51,float64,varies,continuous,vesta_feature,INCLUDE,"Vesta engineered feature, all backward-looking. No causality risk."
V52,float64,varies,continuous,vesta_feature,INCLUDE,"Vesta engineered feature, all backward-looking. No causality risk."
V53,float64,varies,continuous,vesta_feature,INCLUDE,"Vesta engineered feature, all backward-looking. No causality risk."
V54,float64,varies,continuous,vesta_feature,INCLUDE,"Vesta engineered feature, all backward-looking. No causality risk."
V55,float64,varies,continuous,vesta_feature,INCLUDE,"Vesta engineered feature, all backward-looking. No causality risk."
V56,float64,varies,continuous,vesta_feature,INCLUDE,"Vesta engineered feature, all backward-looking. No causality risk."
V57,float64,varies,continuous,vesta_feature,INCLUDE,"Vesta engineered feature, all backward-looking. No causality risk."
V58,float64,varies,continuous,vesta_feature,INCLUDE,"Vesta engineered feature, all backward-looking. No causality risk."
V59,float64,varies,continuous,vesta_feature,INCLUDE,"Vesta engineered feature, all backward-looking. No causality risk."
V60,float64,varies,continuous,vesta_feature,INCLUDE,"Vesta engineered feature, all backward-looking. No causality risk."
V61,float64,varies,continuous,vesta_feature,INCLUDE,"Vesta engineered feature, all backward-looking. No causality risk."
V62,float64,varies,continuous,vesta_feature,INCLUDE,"Vesta engineered feature, all backward-looking. No causality risk."
V63,float64,varies,continuous,vesta_feature,INCLUDE,"Vesta engineered feature, all backward-looking. No causality risk."
V64,float64,varies,continuous,vesta_feature,INCLUDE,"Vesta engineered feature, all backward-looking. No causality risk."
V65,float64,varies,continuous,vesta_feature,INCLUDE,"Vesta engineered feature, all backward-looking. No causality risk."
V66,float64,varies,continuous,vesta_feature,INCLUDE,"Vesta engineered feature, all backward-looking. No causality risk."
V67,float64,varies,continuous,vesta_feature,INCLUDE,"Vesta engineered feature, all backward-looking. No causality risk."
V68,float64,varies,continuous,vesta_feature,INCLUDE,"Vesta engineered feature, all backward-looking. No causality risk."
V69,float64,varies,continuous,vesta_feature,INCLUDE,"Vesta engineered feature, all backward-looking. No causality risk."
V70,float64,varies,continuous,vesta_feature,INCLUDE,"Vesta engineered feature, all backward-looking. No causality risk."
V71,float64,varies,continuous,vesta_feature,INCLUDE,"Vesta engineered feature, all backward-looking. No causality risk."
V72,float64,varies,continuous,vesta_feature,INCLUDE,"Vesta engineered feature, all backward-looking. No causality risk."
V73,float64,varies,continuous,vesta_feature,INCLUDE,"Vesta engineered feature, all backward-looking. No causality risk."
V74,float64,varies,continuous,vesta_feature,INCLUDE,"Vesta engineered feature, all backward-looking. No causality risk."
V75,float64,varies,continuous,vesta_feature,INCLUDE,"Vesta engineered feature, all backward-looking. No causality risk."
V76,float64,varies,continuous,vesta_feature,INCLUDE,"Vesta engineered feature, all backward-looking. No causality risk."
V77,float64,varies,continuous,vesta_feature,INCLUDE,"Vesta engineered feature, all backward-looking. No causality risk."
V78,float64,varies,continuous,vesta_feature,INCLUDE,"Vesta engineered feature, all backward-looking. No causality risk."
V79,float64,varies,continuous,vesta_feature,INCLUDE,"Vesta engineered feature, all backward-looking. No causality risk."
V80,float64,varies,continuous,vesta_feature,INCLUDE,"Vesta engineered feature, all backward-looking. No causality risk."
V81,float64,varies,continuous,vesta_feature,INCLUDE,"Vesta engineered feature, all backward-looking. No causality risk."
V82,float64,varies,continuous,vesta_feature,INCLUDE,"Vesta engineered feature, all backward-looking. No causality risk."
V83,float64,varies,continuous,vesta_feature,INCLUDE,"Vesta engineered feature, all backward-looking. No causality risk."
V84,float64,varies,continuous,vesta_feature,INCLUDE,"Vesta engineered feature, all backward-looking. No causality risk."
V85,float64,varies,continuous,vesta_feature,INCLUDE,"Vesta engineered feature, all backward-looking. No causality risk."
V86,float64,varies,continuous,vesta_feature,INCLUDE,"Vesta engineered feature, all backward-looking. No causality risk."
V87,float64,varies,continuous,vesta_feature,INCLUDE,"Vesta engineered feature, all backward-looking. No causality risk."
V88,float64,varies,continuous,vesta_feature,INCLUDE,"Vesta engineered feature, all backward-looking. No causality risk."
V89,float64,varies,continuous,vesta_feature,INCLUDE,"Vesta engineered feature, all backward-looking. No causality risk."
V90,float64,varies,continuous,vesta_feature,INCLUDE,"Vesta engineered feature, all backward-looking. No causality risk."
V91,float64,varies,continuous,vesta_feature,INCLUDE,"Vesta engineered feature, all backward-looking. No causality risk."
V92,float64,varies,continuous,vesta_feature,INCLUDE,"Vesta engineered feature, all backward-looking. No causality risk."
V93,float64,varies,continuous,vesta_feature,INCLUDE,"Vesta engineered feature, all backward-looking. No causality risk."
V94,float64,varies,continuous,vesta_feature,INCLUDE,"Vesta engineered feature, all backward-looking. No causality risk."
V95,float64,varies,continuous,vesta_feature,INCLUDE,"Vesta engineered feature, all backward-looking. No causality risk."
V96,float64,varies,continuous,vesta_feature,INCLUDE,"Vesta engineered feature, all backward-looking. No causality risk."
V97,float64,varies,continuous,vesta_feature,INCLUDE,"Vesta engineered feature, all backward-looking. No causality risk."
V98,float64,varies,continuous,vesta_feature,INCLUDE,"Vesta engineered feature, all backward-looking. No causality risk."
V99,float64,varies,continuous,vesta_feature,INCLUDE,"Vesta engineered feature, all backward-looking. No causality risk."
V100,float64,varies,continuous,vesta_feature,INCLUDE,"Vesta engineered feature, all backward-looking. No causality risk."
V101,float64,varies,continuous,vesta_feature,INCLUDE,"Vesta engineered feature, all backward-looking. No causality risk."
V102,float64,varies,continuous,vesta_feature,INCLUDE,"Vesta engineered feature, all backward-looking. No causality risk."
V103,float64,varies,continuous,vesta_feature,INCLUDE,"Vesta engineered feature, all backward-looking. No causality risk."
V104,float64,varies,continuous,vesta_feature,INCLUDE,"Vesta engineered feature, all backward-looking. No causality risk."
V105,float64,varies,continuous,vesta_feature,INCLUDE,"Vesta engineered feature, all backward-looking. No causality risk."
V106,float64,varies,continuous,vesta_feature,INCLUDE,"Vesta engineered feature, all backward-looking. No causality risk."
V107,float64,varies,continuous,vesta_feature,INCLUDE,"Vesta engineered feature, all backward-looking. No causality risk."
V108,float64,varies,continuous,vesta_feature,INCLUDE,"Vesta engineered feature, all backward-looking. No causality risk."
V109,float64,varies,continuous,vesta_feature,INCLUDE,"Vesta engineered feature, all backward-looking. No causality risk."
V110,float64,varies,continuous,vesta_feature,INCLUDE,"Vesta engineered feature, all backward-looking. No causality risk."
V111,float64,varies,continuous,vesta_feature,INCLUDE,"Vesta engineered feature, all backward-looking. No causality risk."
V112,float64,varies,continuous,vesta_feature,INCLUDE,"Vesta engineered feature, all backward-looking. No causality risk."
V113,float64,varies,continuous,vesta_feature,INCLUDE,"Vesta engineered feature, all backward-looking. No causality risk."
V114,float64,varies,continuous,vesta_feature,INCLUDE,"Vesta engineered feature, all backward-looking. No causality risk."
V115,float64,varies,continuous,vesta_feature,INCLUDE,"Vesta engineered feature, all backward-looking. No causality risk."
V116,float64,varies,continuous,vesta_feature,INCLUDE,"Vesta engineered feature, all backward-looking. No causality risk."
V117,float64,varies,continuous,vesta_feature,INCLUDE,"Vesta engineered feature, all backward-looking. No causality risk."
V118,float64,varies,continuous,vesta_feature,INCLUDE,"Vesta engineered feature, all backward-looking. No causality risk."
V119,float64,varies,continuous,vesta_feature,INCLUDE,"Vesta engineered feature, all backward-looking. No causality risk."
V120,float64,varies,continuous,vesta_feature,INCLUDE,"Vesta engineered feature, all backward-looking. No causality risk."
V121,float64,varies,continuous,vesta_feature,INCLUDE,"Vesta engineered feature, all backward-looking. No causality risk."
V122,float64,varies,continuous,vesta_feature,INCLUDE,"Vesta engineered feature, all backward-looking. No causality risk."
V123,float64,varies,continuous,vesta_feature,INCLUDE,"Vesta engineered feature, all backward-looking. No causality risk."
V124,float64,varies,continuous,vesta_feature,INCLUDE,"Vesta engineered feature, all backward-looking. No causality risk."
V125,float64,varies,continuous,vesta_feature,INCLUDE,"Vesta engineered feature, all backward-looking. No causality risk."
V126,float64,varies,continuous,vesta_feature,INCLUDE,"Vesta engineered feature, all backward-looking. No causality risk."
V127,float64,varies,continuous,vesta_feature,INCLUDE,"Vesta engineered feature, all backward-looking. No causality risk."
V128,float64,varies,continuous,vesta_feature,INCLUDE,"Vesta engineered feature, all backward-looking. No causality risk."
V129,float64,varies,continuous,vesta_feature,INCLUDE,"Vesta engineered feature, all backward-looking. No causality risk."
V130,float64,varies,continuous,vesta_feature,INCLUDE,"Vesta engineered feature, all backward-looking. No causality risk."
V131,float64,varies,continuous,vesta_feature,INCLUDE,"Vesta engineered feature, all backward-looking. No causality risk."
V132,float64,varies,continuous,vesta_feature,INCLUDE,"Vesta engineered feature, all backward-looking. No causality risk."
V133,float64,varies,continuous,vesta_feature,INCLUDE,"Vesta engineered feature, all backward-looking. No causality risk."
V134,float64,varies,continuous,vesta_feature,INCLUDE,"Vesta engineered feature, all backward-looking. No causality risk."
V135,float64,varies,continuous,vesta_feature,INCLUDE,"Vesta engineered feature, all backward-looking. No causality risk."
V136,float64,varies,continuous,vesta_feature,INCLUDE,"Vesta engineered feature, all backward-looking. No causality risk."
V137,float64,varies,continuous,vesta_feature,INCLUDE,"Vesta engineered feature, all backward-looking. No causality risk."
V138,float64,varies,continuous,vesta_feature,INCLUDE,"Vesta engineered feature, all backward-looking. No causality risk."
V139,float64,varies,continuous,vesta_feature,INCLUDE,"Vesta engineered feature, all backward-looking. No causality risk."
V140,float64,varies,continuous,vesta_feature,INCLUDE,"Vesta engineered feature, all backward-looking. No causality risk."
V141,float64,varies,continuous,vesta_feature,INCLUDE,"Vesta engineered feature, all backward-looking. No causality risk."
V142,float64,varies,continuous,vesta_feature,INCLUDE,"Vesta engineered feature, all backward-looking. No causality risk."
V143,float64,varies,continuous,vesta_feature,INCLUDE,"Vesta engineered feature, all backward-looking. No causality risk."
V144,float64,varies,continuous,vesta_feature,INCLUDE,"Vesta engineered feature, all backward-looking. No causality risk."
V145,float64,varies,continuous,vesta_feature,INCLUDE,"Vesta engineered feature, all backward-looking. No causality risk."
V146,float64,varies,continuous,vesta_feature,INCLUDE,"Vesta engineered feature, all backward-looking. No causality risk."
V147,float64,varies,continuous,vesta_feature,INCLUDE,"Vesta engineered feature, all backward-looking. No causality risk."
V148,float64,varies,continuous,vesta_feature,INCLUDE,"Vesta engineered feature, all backward-looking. No causality risk."
V149,float64,varies,continuous,vesta_feature,INCLUDE,"Vesta engineered feature, all backward-looking. No causality risk."
V150,float64,varies,continuous,vesta_feature,INCLUDE,"Vesta engineered feature, all backward-looking. No causality risk."
V151,float64,varies,continuous,vesta_feature,INCLUDE,"Vesta engineered feature, all backward-looking. No causality risk."
V152,float64,varies,continuous,vesta_feature,INCLUDE,"Vesta engineered feature, all backward-looking. No causality risk."
V153,float64,varies,continuous,vesta_feature,INCLUDE,"Vesta engineered feature, all backward-looking. No causality risk."
V154,float64,varies,continuous,vesta_feature,INCLUDE,"Vesta engineered feature, all backward-looking. No causality risk."
V155,float64,varies,continuous,vesta_feature,INCLUDE,"Vesta engineered feature, all backward-looking. No causality risk."
V156,float64,varies,continuous,vesta_feature,INCLUDE,"Vesta engineered feature, all backward-looking. No causality risk."
V157,float64,varies,continuous,vesta_feature,INCLUDE,"Vesta engineered feature, all backward-looking. No causality risk."
V158,float64,varies,continuous,vesta_feature,INCLUDE,"Vesta engineered feature, all backward-looking. No causality risk."
V159,float64,varies,continuous,vesta_feature,INCLUDE,"Vesta engineered feature, all backward-looking. No causality risk."
V160,float64,varies,continuous,vesta_feature,INCLUDE,"Vesta engineered feature, all backward-looking. No causality risk."
V161,float64,varies,continuous,vesta_feature,INCLUDE,"Vesta engineered feature, all backward-looking. No causality risk."
V162,float64,varies,continuous,vesta_feature,INCLUDE,"Vesta engineered feature, all backward-looking. No causality risk."
V163,float64,varies,continuous,vesta_feature,INCLUDE,"Vesta engineered feature, all backward-looking. No causality risk."
V164,float64,varies,continuous,vesta_feature,INCLUDE,"Vesta engineered feature, all backward-looking. No causality risk."
V165,float64,varies,continuous,vesta_feature,INCLUDE,"Vesta engineered feature, all backward-looking. No causality risk."
V166,float64,varies,continuous,vesta_feature,INCLUDE,"Vesta engineered feature, all backward-looking. No causality risk."
V167,float64,varies,continuous,vesta_feature,INCLUDE,"Vesta engineered feature, all backward-looking. No causality risk."
V168,float64,varies,continuous,vesta_feature,INCLUDE,"Vesta engineered feature, all backward-looking. No causality risk."
V169,float64,varies,continuous,vesta_feature,INCLUDE,"Vesta engineered feature, all backward-looking. No causality risk."
V170,float64,varies,continuous,vesta_feature,INCLUDE,"Vesta engineered feature, all backward-looking. No causality risk."
V171,float64,varies,continuous,vesta_feature,INCLUDE,"Vesta engineered feature, all backward-looking. No causality risk."
V172,float64,varies,continuous,vesta_feature,INCLUDE,"Vesta engineered feature, all backward-looking. No causality risk."
V173,float64,varies,continuous,vesta_feature,INCLUDE,"Vesta engineered feature, all backward-looking. No causality risk."
V174,float64,varies,continuous,vesta_feature,INCLUDE,"Vesta engineered feature, all backward-looking. No causality risk."
V175,float64,varies,continuous,vesta_feature,INCLUDE,"Vesta engineered feature, all backward-looking. No causality risk."
V176,float64,varies,continuous,vesta_feature,INCLUDE,"Vesta engineered feature, all backward-looking. No causality risk."
V177,float64,varies,continuous,vesta_feature,INCLUDE,"Vesta engineered feature, all backward-looking. No causality risk."
V178,float64,varies,continuous,vesta_feature,INCLUDE,"Vesta engineered feature, all backward-looking. No causality risk."
V179,float64,varies,continuous,vesta_feature,INCLUDE,"Vesta engineered feature, all backward-looking. No causality risk."
V180,float64,varies,continuous,vesta_feature,INCLUDE,"Vesta engineered feature, all backward-looking. No causality risk."
V181,float64,varies,continuous,vesta_feature,INCLUDE,"Vesta engineered feature, all backward-looking. No causality risk."
V182,float64,varies,continuous,vesta_feature,INCLUDE,"Vesta engineered feature, all backward-looking. No causality risk."
V183,float64,varies,continuous,vesta_feature,INCLUDE,"Vesta engineered feature, all backward-looking. No causality risk."
V184,float64,varies,continuous,vesta_feature,INCLUDE,"Vesta engineered feature, all backward-looking. No causality risk."
V185,float64,varies,continuous,vesta_feature,INCLUDE,"Vesta engineered feature, all backward-looking. No causality risk."
V186,float64,varies,continuous,vesta_feature,INCLUDE,"Vesta engineered feature, all backward-looking. No causality risk."
V187,float64,varies,continuous,vesta_feature,INCLUDE,"Vesta engineered feature, all backward-looking. No causality risk."
V188,float64,varies,continuous,vesta_feature,INCLUDE,"Vesta engineered feature, all backward-looking. No causality risk."
V189,float64,varies,continuous,vesta_feature,INCLUDE,"Vesta engineered feature, all backward-looking. No causality risk."
V190,float64,varies,continuous,vesta_feature,INCLUDE,"Vesta engineered feature, all backward-looking. No causality risk."
V191,float64,varies,continuous,vesta_feature,INCLUDE,"Vesta engineered feature, all backward-looking. No causality risk."
V192,float64,varies,continuous,vesta_feature,INCLUDE,"Vesta engineered feature, all backward-looking. No causality risk."
V193,float64,varies,continuous,vesta_feature,INCLUDE,"Vesta engineered feature, all backward-looking. No causality risk."
V194,float64,varies,continuous,vesta_feature,INCLUDE,"Vesta engineered feature, all backward-looking. No causality risk."
V195,float64,varies,continuous,vesta_feature,INCLUDE,"Vesta engineered feature, all backward-looking. No causality risk."
V196,float64,varies,continuous,vesta_feature,INCLUDE,"Vesta engineered feature, all backward-looking. No causality risk."
V197,float64,varies,continuous,vesta_feature,INCLUDE,"Vesta engineered feature, all backward-looking. No causality risk."
V198,float64,varies,continuous,vesta_feature,INCLUDE,"Vesta engineered feature, all backward-looking. No causality risk."
V199,float64,varies,continuous,vesta_feature,INCLUDE,"Vesta engineered feature, all backward-looking. No causality risk."
V200,float64,varies,continuous,vesta_feature,INCLUDE,"Vesta engineered feature, all backward-looking. No causality risk."
V201,float64,varies,continuous,vesta_feature,INCLUDE,"Vesta engineered feature, all backward-looking. No causality risk."
V202,float64,varies,continuous,vesta_feature,INCLUDE,"Vesta engineered feature, all backward-looking. No causality risk."
V203,float64,varies,continuous,vesta_feature,INCLUDE,"Vesta engineered feature, all backward-looking. No causality risk."
V204,float64,varies,continuous,vesta_feature,INCLUDE,"Vesta engineered feature, all backward-looking. No causality risk."
V205,float64,varies,continuous,vesta_feature,INCLUDE,"Vesta engineered feature, all backward-looking. No causality risk."
V206,float64,varies,continuous,vesta_feature,INCLUDE,"Vesta engineered feature, all backward-looking. No causality risk."
V207,float64,varies,continuous,vesta_feature,INCLUDE,"Vesta engineered feature, all backward-looking. No causality risk."
V208,float64,varies,continuous,vesta_feature,INCLUDE,"Vesta engineered feature, all backward-looking. No causality risk."
V209,float64,varies,continuous,vesta_feature,INCLUDE,"Vesta engineered feature, all backward-looking. No causality risk."
V210,float64,varies,continuous,vesta_feature,INCLUDE,"Vesta engineered feature, all backward-looking. No causality risk."
V211,float64,varies,continuous,vesta_feature,INCLUDE,"Vesta engineered feature, all backward-looking. No causality risk."
V212,float64,varies,continuous,vesta_feature,INCLUDE,"Vesta engineered feature, all backward-looking. No causality risk."
V213,float64,varies,continuous,vesta_feature,INCLUDE,"Vesta engineered feature, all backward-looking. No causality risk."
V214,float64,varies,continuous,vesta_feature,INCLUDE,"Vesta engineered feature, all backward-looking. No causality risk."
V215,float64,varies,continuous,vesta_feature,INCLUDE,"Vesta engineered feature, all backward-looking. No causality risk."
V216,float64,varies,continuous,vesta_feature,INCLUDE,"Vesta engineered feature, all backward-looking. No causality risk."
V217,float64,varies,continuous,vesta_feature,INCLUDE,"Vesta engineered feature, all backward-looking. No causality risk."
V218,float64,varies,continuous,vesta_feature,INCLUDE,"Vesta engineered feature, all backward-looking. No causality risk."
V219,float64,varies,continuous,vesta_feature,INCLUDE,"Vesta engineered feature, all backward-looking. No causality risk."
V220,float64,varies,continuous,vesta_feature,INCLUDE,"Vesta engineered feature, all backward-looking. No causality risk."
V221,float64,varies,continuous,vesta_feature,INCLUDE,"Vesta engineered feature, all backward-looking. No causality risk."
V222,float64,varies,continuous,vesta_feature,INCLUDE,"Vesta engineered feature, all backward-looking. No causality risk."
V223,float64,varies,continuous,vesta_feature,INCLUDE,"Vesta engineered feature, all backward-looking. No causality risk."
V224,float64,varies,continuous,vesta_feature,INCLUDE,"Vesta engineered feature, all backward-looking. No causality risk."
V225,float64,varies,continuous,vesta_feature,INCLUDE,"Vesta engineered feature, all backward-looking. No causality risk."
V226,float64,varies,continuous,vesta_feature,INCLUDE,"Vesta engineered feature, all backward-looking. No causality risk."
V227,float64,varies,continuous,vesta_feature,INCLUDE,"Vesta engineered feature, all backward-looking. No causality risk."
V228,float64,varies,continuous,vesta_feature,INCLUDE,"Vesta engineered feature, all backward-looking. No causality risk."
V229,float64,varies,continuous,vesta_feature,INCLUDE,"Vesta engineered feature, all backward-looking. No causality risk."
V230,float64,varies,continuous,vesta_feature,INCLUDE,"Vesta engineered feature, all backward-looking. No causality risk."
V231,float64,varies,continuous,vesta_feature,INCLUDE,"Vesta engineered feature, all backward-looking. No causality risk."
V232,float64,varies,continuous,vesta_feature,INCLUDE,"Vesta engineered feature, all backward-looking. No causality risk."
V233,float64,varies,continuous,vesta_feature,INCLUDE,"Vesta engineered feature, all backward-looking. No causality risk."
V234,float64,varies,continuous,vesta_feature,INCLUDE,"Vesta engineered feature, all backward-looking. No causality risk."
V235,float64,varies,continuous,vesta_feature,INCLUDE,"Vesta engineered feature, all backward-looking. No causality risk."
V236,float64,varies,continuous,vesta_feature,INCLUDE,"Vesta engineered feature, all backward-looking. No causality risk."
V237,float64,varies,continuous,vesta_feature,INCLUDE,"Vesta engineered feature, all backward-looking. No causality risk."
V238,float64,varies,continuous,vesta_feature,INCLUDE,"Vesta engineered feature, all backward-looking. No causality risk."
V239,float64,varies,continuous,vesta_feature,INCLUDE,"Vesta engineered feature, all backward-looking. No causality risk."
V240,float64,varies,continuous,vesta_feature,INCLUDE,"Vesta engineered feature, all backward-looking. No causality risk."
V241,float64,varies,continuous,vesta_feature,INCLUDE,"Vesta engineered feature, all backward-looking. No causality risk."
V242,float64,varies,continuous,vesta_feature,INCLUDE,"Vesta engineered feature, all backward-looking. No causality risk."
V243,float64,varies,continuous,vesta_feature,INCLUDE,"Vesta engineered feature, all backward-looking. No causality risk."
V244,float64,varies,continuous,vesta_feature,INCLUDE,"Vesta engineered feature, all backward-looking. No causality risk."
V245,float64,varies,continuous,vesta_feature,INCLUDE,"Vesta engineered feature, all backward-looking. No causality risk."
V246,float64,varies,continuous,vesta_feature,INCLUDE,"Vesta engineered feature, all backward-looking. No causality risk."
V247,float64,varies,continuous,vesta_feature,INCLUDE,"Vesta engineered feature, all backward-looking. No causality risk."
V248,float64,varies,continuous,vesta_feature,INCLUDE,"Vesta engineered feature, all backward-looking. No causality risk."
V249,float64,varies,continuous,vesta_feature,INCLUDE,"Vesta engineered feature, all backward-looking. No causality risk."
V250,float64,varies,continuous,vesta_feature,INCLUDE,"Vesta engineered feature, all backward-looking. No causality risk."
V251,float64,varies,continuous,vesta_feature,INCLUDE,"Vesta engineered feature, all backward-looking. No causality risk."
V252,float64,varies,continuous,vesta_feature,INCLUDE,"Vesta engineered feature, all backward-looking. No causality risk."
V253,float64,varies,continuous,vesta_feature,INCLUDE,"Vesta engineered feature, all backward-looking. No causality risk."
V254,float64,varies,continuous,vesta_feature,INCLUDE,"Vesta engineered feature, all backward-looking. No causality risk."
V255,float64,varies,continuous,vesta_feature,INCLUDE,"Vesta engineered feature, all backward-looking. No causality risk."
V256,float64,varies,continuous,vesta_feature,INCLUDE,"Vesta engineered feature, all backward-looking. No causality risk."
V257,float64,varies,continuous,vesta_feature,INCLUDE,"Vesta engineered feature, all backward-looking. No causality risk."
V258,float64,varies,continuous,vesta_feature,INCLUDE,"Vesta engineered feature, all backward-looking. No causality risk."
V259,float64,varies,continuous,vesta_feature,INCLUDE,"Vesta engineered feature, all backward-looking. No causality risk."
V260,float64,varies,continuous,vesta_feature,INCLUDE,"Vesta engineered feature, all backward-looking. No causality risk."
V261,float64,varies,continuous,vesta_feature,INCLUDE,"Vesta engineered feature, all backward-looking. No causality risk."
V262,float64,varies,continuous,vesta_feature,INCLUDE,"Vesta engineered feature, all backward-looking. No causality risk."
V263,float64,varies,continuous,vesta_feature,INCLUDE,"Vesta engineered feature, all backward-looking. No causality risk."
V264,float64,varies,continuous,vesta_feature,INCLUDE,"Vesta engineered feature, all backward-looking. No causality risk."
V265,float64,varies,continuous,vesta_feature,INCLUDE,"Vesta engineered feature, all backward-looking. No causality risk."
V266,float64,varies,continuous,vesta_feature,INCLUDE,"Vesta engineered feature, all backward-looking. No causality risk."
V267,float64,varies,continuous,vesta_feature,INCLUDE,"Vesta engineered feature, all backward-looking. No causality risk."
V268,float64,varies,continuous,vesta_feature,INCLUDE,"Vesta engineered feature, all backward-looking. No causality risk."
V269,float64,varies,continuous,vesta_feature,INCLUDE,"Vesta engineered feature, all backward-looking. No causality risk."
V270,float64,varies,continuous,vesta_feature,INCLUDE,"Vesta engineered feature, all backward-looking. No causality risk."
V271,float64,varies,continuous,vesta_feature,INCLUDE,"Vesta engineered feature, all backward-looking. No causality risk."
V272,float64,varies,continuous,vesta_feature,INCLUDE,"Vesta engineered feature, all backward-looking. No causality risk."
V273,float64,varies,continuous,vesta_feature,INCLUDE,"Vesta engineered feature, all backward-looking. No causality risk."
V274,float64,varies,continuous,vesta_feature,INCLUDE,"Vesta engineered feature, all backward-looking. No causality risk."
V275,float64,varies,continuous,vesta_feature,INCLUDE,"Vesta engineered feature, all backward-looking. No causality risk."
V276,float64,varies,continuous,vesta_feature,INCLUDE,"Vesta engineered feature, all backward-looking. No causality risk."
V277,float64,varies,continuous,vesta_feature,INCLUDE,"Vesta engineered feature, all backward-looking. No causality risk."
V278,float64,varies,continuous,vesta_feature,INCLUDE,"Vesta engineered feature, all backward-looking. No causality risk."
V279,float64,varies,continuous,vesta_feature,INCLUDE,"Vesta engineered feature, all backward-looking. No causality risk."
V280,float64,varies,continuous,vesta_feature,INCLUDE,"Vesta engineered feature, all backward-looking. No causality risk."
V281,float64,varies,continuous,vesta_feature,INCLUDE,"Vesta engineered feature, all backward-looking. No causality risk."
V282,float64,varies,continuous,vesta_feature,INCLUDE,"Vesta engineered feature, all backward-looking. No causality risk."
V283,float64,varies,continuous,vesta_feature,INCLUDE,"Vesta engineered feature, all backward-looking. No causality risk."
V284,float64,varies,continuous,vesta_feature,INCLUDE,"Vesta engineered feature, all backward-looking. No causality risk."
V285,float64,varies,continuous,vesta_feature,INCLUDE,"Vesta engineered feature, all backward-looking. No causality risk."
V286,float64,varies,continuous,vesta_feature,INCLUDE,"Vesta engineered feature, all backward-looking. No causality risk."
V287,float64,varies,continuous,vesta_feature,INCLUDE,"Vesta engineered feature, all backward-looking. No causality risk."
V288,float64,varies,continuous,vesta_feature,INCLUDE,"Vesta engineered feature, all backward-looking. No causality risk."
V289,float64,varies,continuous,vesta_feature,INCLUDE,"Vesta engineered feature, all backward-looking. No causality risk."
V290,float64,varies,continuous,vesta_feature,INCLUDE,"Vesta engineered feature, all backward-looking. No causality risk."
V291,float64,varies,continuous,vesta_feature,INCLUDE,"Vesta engineered feature, all backward-looking. No causality risk."
V292,float64,varies,continuous,vesta_feature,INCLUDE,"Vesta engineered feature, all backward-looking. No causality risk."
V293,float64,varies,continuous,vesta_feature,INCLUDE,"Vesta engineered feature, all backward-looking. No causality risk."
V294,float64,varies,continuous,vesta_feature,INCLUDE,"Vesta engineered feature, all backward-looking. No causality risk."
V295,float64,varies,continuous,vesta_feature,INCLUDE,"Vesta engineered feature, all backward-looking. No causality risk."
V296,float64,varies,continuous,vesta_feature,INCLUDE,"Vesta engineered feature, all backward-looking. No causality risk."
V297,float64,varies,continuous,vesta_feature,INCLUDE,"Vesta engineered feature, all backward-looking. No causality risk."
V298,float64,varies,continuous,vesta_feature,INCLUDE,"Vesta engineered feature, all backward-looking. No causality risk."
V299,float64,varies,continuous,vesta_feature,INCLUDE,"Vesta engineered feature, all backward-looking. No causality risk."
V300,float64,varies,continuous,vesta_feature,INCLUDE,"Vesta engineered feature, all backward-looking. No causality risk."
V301,float64,varies,continuous,vesta_feature,INCLUDE,"Vesta engineered feature, all backward-looking. No causality risk."
V302,float64,varies,continuous,vesta_feature,INCLUDE,"Vesta engineered feature, all backward-looking. No causality risk."
V303,float64,varies,continuous,vesta_feature,INCLUDE,"Vesta engineered feature, all backward-looking. No causality risk."
V304,float64,varies,continuous,vesta_feature,INCLUDE,"Vesta engineered feature, all backward-looking. No causality risk."
V305,float64,varies,continuous,vesta_feature,INCLUDE,"Vesta engineered feature, all backward-looking. No causality risk."
V306,float64,varies,continuous,vesta_feature,INCLUDE,"Vesta engineered feature, all backward-looking. No causality risk."
V307,float64,varies,continuous,vesta_feature,INCLUDE,"Vesta engineered feature, all backward-looking. No causality risk."
V308,float64,varies,continuous,vesta_feature,INCLUDE,"Vesta engineered feature, all backward-looking. No causality risk."
V309,float64,varies,continuous,vesta_feature,INCLUDE,"Vesta engineered feature, all backward-looking. No causality risk."
V310,float64,varies,continuous,vesta_feature,INCLUDE,"Vesta engineered feature, all backward-looking. No causality risk."
V311,float64,varies,continuous,vesta_feature,INCLUDE,"Vesta engineered feature, all backward-looking. No causality risk."
V312,float64,varies,continuous,vesta_feature,INCLUDE,"Vesta engineered feature, all backward-looking. No causality risk."
V313,float64,varies,continuous,vesta_feature,INCLUDE,"Vesta engineered feature, all backward-looking. No causality risk."
V314,float64,varies,continuous,vesta_feature,INCLUDE,"Vesta engineered feature, all backward-looking. No causality risk."
V315,float64,varies,continuous,vesta_feature,INCLUDE,"Vesta engineered feature, all backward-looking. No causality risk."
V316,float64,varies,continuous,vesta_feature,INCLUDE,"Vesta engineered feature, all backward-looking. No causality risk."
V317,float64,varies,continuous,vesta_feature,INCLUDE,"Vesta engineered feature, all backward-looking. No causality risk."
V318,float64,varies,continuous,vesta_feature,INCLUDE,"Vesta engineered feature, all backward-looking. No causality risk."
V319,float64,varies,continuous,vesta_feature,INCLUDE,"Vesta engineered feature, all backward-looking. No causality risk."
V320,float64,varies,continuous,vesta_feature,INCLUDE,"Vesta engineered feature, all backward-looking. No causality risk."
V321,float64,varies,continuous,vesta_feature,INCLUDE,"Vesta engineered feature, all backward-looking. No causality risk."
V322,float64,varies,continuous,vesta_feature,INCLUDE,"Vesta engineered feature, all backward-looking. No causality risk."
V323,float64,varies,continuous,vesta_feature,INCLUDE,"Vesta engineered feature, all backward-looking. No causality risk."
V324,float64,varies,continuous,vesta_feature,INCLUDE,"Vesta engineered feature, all backward-looking. No causality risk."
V325,float64,varies,continuous,vesta_feature,INCLUDE,"Vesta engineered feature, all backward-looking. No causality risk."
V326,float64,varies,continuous,vesta_feature,INCLUDE,"Vesta engineered feature, all backward-looking. No causality risk."
V327,float64,varies,continuous,vesta_feature,INCLUDE,"Vesta engineered feature, all backward-looking. No causality risk."
V328,float64,varies,continuous,vesta_feature,INCLUDE,"Vesta engineered feature, all backward-looking. No causality risk."
V329,float64,varies,continuous,vesta_feature,INCLUDE,"Vesta engineered feature, all backward-looking. No causality risk."
V330,float64,varies,continuous,vesta_feature,INCLUDE,"Vesta engineered feature, all backward-looking. No causality risk."
V331,float64,varies,continuous,vesta_feature,INCLUDE,"Vesta engineered feature, all backward-looking. No causality risk."
V332,float64,varies,continuous,vesta_feature,INCLUDE,"Vesta engineered feature, all backward-looking. No causality risk."
V333,float64,varies,continuous,vesta_feature,INCLUDE,"Vesta engineered feature, all backward-looking. No causality risk."
V334,float64,varies,continuous,vesta_feature,INCLUDE,"Vesta engineered feature, all backward-looking. No causality risk."
V335,float64,varies,continuous,vesta_feature,INCLUDE,"Vesta engineered feature, all backward-looking. No causality risk."
V336,float64,varies,continuous,vesta_feature,INCLUDE,"Vesta engineered feature, all backward-looking. No causality risk."
V337,float64,varies,continuous,vesta_feature,INCLUDE,"Vesta engineered feature, all backward-looking. No causality risk."
V338,float64,varies,continuous,vesta_feature,INCLUDE,"Vesta engineered feature, all backward-looking. No causality risk."
V339,float64,varies,continuous,vesta_feature,INCLUDE,"Vesta engineered feature, all backward-looking. No causality risk."
id_01,float64,0.0,continuous,numeric_identity_score,INCLUDE,Numeric risk/identity score from device/browser fingerprint. Safe.
id_02,float64,2.5,continuous,numeric_identity_score,INCLUDE,Numeric risk/identity score from device/browser fingerprint. Safe.
id_03,float64,54.2,continuous,numeric_identity_score,INCLUDE,Numeric risk/identity score from device/browser fingerprint. Safe.
id_04,float64,54.2,continuous,numeric_identity_score,INCLUDE,Numeric risk/identity score from device/browser fingerprint. Safe.
id_05,float64,5.2,continuous,numeric_identity_score,INCLUDE,Numeric risk/identity score from device/browser fingerprint. Safe.
id_06,float64,5.2,continuous,numeric_identity_score,INCLUDE,Numeric risk/identity score from device/browser fingerprint. Safe.
id_07,float64,96.4,continuous,numeric_identity_score,INCLUDE,Numeric risk/identity score from device/browser fingerprint. Safe.
id_08,float64,96.4,continuous,numeric_identity_score,INCLUDE,Numeric risk/identity score from device/browser fingerprint. Safe.
id_09,float64,46.1,continuous,numeric_identity_score,INCLUDE,Numeric risk/identity score from device/browser fingerprint. Safe.
id_10,float64,46.1,continuous,numeric_identity_score,INCLUDE,Numeric risk/identity score from device/browser fingerprint. Safe.
id_11,float64,2.5,continuous,numeric_identity_score,INCLUDE,Numeric risk/identity score from device/browser fingerprint. Safe.
id_12,str,varies,varies,categorical_identity,INCLUDE,"Categorical identity/device/OS/browser feature. Safe, freq-encoded."
id_13,str,varies,varies,categorical_identity,INCLUDE,"Categorical identity/device/OS/browser feature. Safe, freq-encoded."
id_14,str,varies,varies,categorical_identity,INCLUDE,"Categorical identity/device/OS/browser feature. Safe, freq-encoded."
id_15,str,varies,varies,categorical_identity,INCLUDE,"Categorical identity/device/OS/browser feature. Safe, freq-encoded."
id_16,str,varies,varies,categorical_identity,INCLUDE,"Categorical identity/device/OS/browser feature. Safe, freq-encoded."
id_17,str,varies,varies,categorical_identity,INCLUDE,"Categorical identity/device/OS/browser feature. Safe, freq-encoded."
id_18,str,varies,varies,categorical_identity,INCLUDE,"Categorical identity/device/OS/browser feature. Safe, freq-encoded."
id_19,str,varies,varies,categorical_identity,INCLUDE,"Categorical identity/device/OS/browser feature. Safe, freq-encoded."
id_20,str,varies,varies,categorical_identity,INCLUDE,"Categorical identity/device/OS/browser feature. Safe, freq-encoded."
id_21,str,varies,varies,categorical_identity,INCLUDE,"Categorical identity/device/OS/browser feature. Safe, freq-encoded."
id_22,str,varies,varies,categorical_identity,INCLUDE,"Categorical identity/device/OS/browser feature. Safe, freq-encoded."
id_23,str,varies,varies,categorical_identity,INCLUDE,"Categorical identity/device/OS/browser feature. Safe, freq-encoded."
id_24,str,varies,varies,categorical_identity,INCLUDE,"Categorical identity/device/OS/browser feature. Safe, freq-encoded."
id_25,str,varies,varies,categorical_identity,INCLUDE,"Categorical identity/device/OS/browser feature. Safe, freq-encoded."
id_26,str,varies,varies,categorical_identity,INCLUDE,"Categorical identity/device/OS/browser feature. Safe, freq-encoded."
id_27,str,varies,varies,categorical_identity,INCLUDE,"Categorical identity/device/OS/browser feature. Safe, freq-encoded."
id_28,str,varies,varies,categorical_identity,INCLUDE,"Categorical identity/device/OS/browser feature. Safe, freq-encoded."
id_29,str,varies,varies,categorical_identity,INCLUDE,"Categorical identity/device/OS/browser feature. Safe, freq-encoded."
id_30,str,varies,varies,categorical_identity,INCLUDE,"Categorical identity/device/OS/browser feature. Safe, freq-encoded."
id_31,str,varies,varies,categorical_identity,INCLUDE,"Categorical identity/device/OS/browser feature. Safe, freq-encoded."
id_32,float64,varies,varies,categorical_identity,INCLUDE,"Categorical identity/device/OS/browser feature. Safe, freq-encoded."
id_33,str,varies,varies,categorical_identity,INCLUDE,"Categorical identity/device/OS/browser feature. Safe, freq-encoded."
id_34,str,varies,varies,categorical_identity,INCLUDE,"Categorical identity/device/OS/browser feature. Safe, freq-encoded."
id_35,str,varies,varies,categorical_identity,INCLUDE,"Categorical identity/device/OS/browser feature. Safe, freq-encoded."
id_36,str,varies,varies,categorical_identity,INCLUDE,"Categorical identity/device/OS/browser feature. Safe, freq-encoded."
id_37,str,varies,varies,categorical_identity,INCLUDE,"Categorical identity/device/OS/browser feature. Safe, freq-encoded."
id_38,str,varies,varies,categorical_identity,INCLUDE,"Categorical identity/device/OS/browser feature. Safe, freq-encoded."
id_39,str,varies,varies,categorical_identity,INCLUDE,"Categorical identity/device/OS/browser feature. Safe, freq-encoded."
DeviceType,str,75.6,2,device,INCLUDE,"Mobile vs desktop, safe."
DeviceInfo,str,75.6,high,device,INCLUDE,"Device string, freq-encoded to suppress OOV."
card_count_1h,float64,0.0,continuous,causal_velocity,INCLUDE,Computed with strict t_hist < t_target. Leakage-free. Numba-accelerated.
card_count_24h,float64,0.0,continuous,causal_velocity,INCLUDE,Computed with strict t_hist < t_target. Leakage-free. Numba-accelerated.
card_count_7d,float64,0.0,continuous,causal_velocity,INCLUDE,Computed with strict t_hist < t_target. Leakage-free. Numba-accelerated.
card_sum_24h,float64,0.0,continuous,causal_velocity,INCLUDE,Computed with strict t_hist < t_target. Leakage-free. Numba-accelerated.
dev_count_1h,float64,0.0,continuous,causal_velocity,INCLUDE,Computed with strict t_hist < t_target. Leakage-free. Numba-accelerated.
dev_count_24h,float64,0.0,continuous,causal_velocity,INCLUDE,Computed with strict t_hist < t_target. Leakage-free. Numba-accelerated.
dev_count_7d,float64,0.0,continuous,causal_velocity,INCLUDE,Computed with strict t_hist < t_target. Leakage-free. Numba-accelerated.
dev_sum_24h,float64,0.0,continuous,causal_velocity,INCLUDE,Computed with strict t_hist < t_target. Leakage-free. Numba-accelerated.
